"taxon","sk","p","c","o","f","g","s"
"1280","Bacteria","Firmicutes","Bacilli","Bacillales","Staphylococcaceae","Staphylococcus","Staphylococcus aureus"
"34062","Bacteria","Proteobacteria","Gammaproteobacteria","Pseudomonadales","Moraxellaceae","Moraxella","Moraxella osloensis"
"29382","Bacteria","Firmicutes","Bacilli","Bacillales","Staphylococcaceae","Staphylococcus","Staphylococcus cohnii"
"326523","Bacteria","Proteobacteria","Betaproteobacteria","Neisseriales","Neisseriaceae","Neisseria","Neisseria zoodegmatis"
"326522","Bacteria","Proteobacteria","Betaproteobacteria","Neisseriales","Neisseriaceae","Neisseria","Neisseria animaloris"
"493","Bacteria","Proteobacteria","Betaproteobacteria","Neisseriales","Neisseriaceae","Neisseria","Neisseria canis"
"28091","Bacteria","Proteobacteria","Betaproteobacteria","Neisseriales","Neisseriaceae","Neisseria","Neisseria weaveri"
"1853278","Bacteria","Proteobacteria","Betaproteobacteria","Neisseriales","Neisseriaceae","Neisseria","Neisseria chenwenguii"
"495","Bacteria","Proteobacteria","Betaproteobacteria","Neisseriales","Neisseriaceae","Neisseria","Neisseria elongata"
"1853276","Bacteria","Proteobacteria","Betaproteobacteria","Neisseriales","Neisseriaceae","Neisseria","Neisseria sp. 10022"
"492","Bacteria","Proteobacteria","Betaproteobacteria","Neisseriales","Neisseriaceae","Neisseria","Neisseria animalis"
"655307","Bacteria","Proteobacteria","Betaproteobacteria","Neisseriales","Neisseriaceae","Neisseria","Neisseria sp. KEM232"
"487","Bacteria","Proteobacteria","Betaproteobacteria","Neisseriales","Neisseriaceae","Neisseria","Neisseria meningitidis"
"28449","Bacteria","Proteobacteria","Betaproteobacteria","Neisseriales","Neisseriaceae","Neisseria","Neisseria subflava"
"488","Bacteria","Proteobacteria","Betaproteobacteria","Neisseriales","Neisseriaceae","Neisseria","Neisseria mucosa"
"486","Bacteria","Proteobacteria","Betaproteobacteria","Neisseriales","Neisseriaceae","Neisseria","Neisseria lactamica"
"485","Bacteria","Proteobacteria","Betaproteobacteria","Neisseriales","Neisseriaceae","Neisseria","Neisseria gonorrhoeae"
"490","Bacteria","Proteobacteria","Betaproteobacteria","Neisseriales","Neisseriaceae","Neisseria","Neisseria sicca"
"483","Bacteria","Proteobacteria","Betaproteobacteria","Neisseriales","Neisseriaceae","Neisseria","Neisseria cinerea"
"489","Bacteria","Proteobacteria","Betaproteobacteria","Neisseriales","Neisseriaceae","Neisseria","Neisseria polysaccharea"
"539","Bacteria","Proteobacteria","Betaproteobacteria","Neisseriales","Neisseriaceae","Eikenella","Eikenella corrodens"
"504","Bacteria","Proteobacteria","Betaproteobacteria","Neisseriales","Neisseriaceae","Kingella","Kingella kingae"
"72","Bacteria","Proteobacteria","Betaproteobacteria","Neisseriales","Neisseriaceae","Simonsiella","Simonsiella muelleri"
"1658672","Bacteria","Proteobacteria","Betaproteobacteria","Burkholderiales","Comamonadaceae","Ottowia","Ottowia sp. oral taxon 894"
"2109914","Bacteria","Proteobacteria","Betaproteobacteria","Burkholderiales","Comamonadaceae","Ottowia","Ottowia oryzae"
"47671","Bacteria","Proteobacteria","Betaproteobacteria","Burkholderiales","Burkholderiaceae","Lautropia","Lautropia mirabilis"
"747","Bacteria","Proteobacteria","Gammaproteobacteria","Pasteurellales","Pasteurellaceae","Pasteurella","Pasteurella multocida"
"754","Bacteria","Proteobacteria","Gammaproteobacteria","Pasteurellales","Pasteurellaceae","Pasteurella","Pasteurella dagmatis"
"738","Bacteria","Proteobacteria","Gammaproteobacteria","Pasteurellales","Pasteurellaceae","Glaesserella","Glaesserella parasuis"
"2030797","Bacteria","Proteobacteria","Gammaproteobacteria","Pasteurellales","Pasteurellaceae","Glaesserella","Glaesserella sp. 15-184"
"75985","Bacteria","Proteobacteria","Gammaproteobacteria","Pasteurellales","Pasteurellaceae","Mannheimia","Mannheimia haemolytica"
"85404","Bacteria","Proteobacteria","Gammaproteobacteria","Pasteurellales","Pasteurellaceae","Mannheimia","Mannheimia varigena"
"1432056","Bacteria","Proteobacteria","Gammaproteobacteria","Pasteurellales","Pasteurellaceae","Mannheimia","Mannheimia sp. USDA-ARS-USMARC-1261"
"189834","Bacteria","Proteobacteria","Gammaproteobacteria","Pasteurellales","Pasteurellaceae","Actinobacillus","Actinobacillus porcitonsillarum"
"715","Bacteria","Proteobacteria","Gammaproteobacteria","Pasteurellales","Pasteurellaceae","Actinobacillus","Actinobacillus pleuropneumoniae"
"67854","Bacteria","Proteobacteria","Gammaproteobacteria","Pasteurellales","Pasteurellaceae","Actinobacillus","Actinobacillus succinogenes"
"718","Bacteria","Proteobacteria","Gammaproteobacteria","Pasteurellales","Pasteurellaceae","Actinobacillus","Actinobacillus equuli"
"716","Bacteria","Proteobacteria","Gammaproteobacteria","Pasteurellales","Pasteurellaceae","Actinobacillus","Actinobacillus suis"
"51161","Bacteria","Proteobacteria","Gammaproteobacteria","Pasteurellales","Pasteurellaceae","Actinobacillus","Actinobacillus delphinicola"
"720","Bacteria","Proteobacteria","Gammaproteobacteria","Pasteurellales","Pasteurellaceae","Actinobacillus","Actinobacillus lignieresii"
"727","Bacteria","Proteobacteria","Gammaproteobacteria","Pasteurellales","Pasteurellaceae","Haemophilus","Haemophilus influenzae"
"729","Bacteria","Proteobacteria","Gammaproteobacteria","Pasteurellales","Pasteurellaceae","Haemophilus","Haemophilus parainfluenzae"
"730","Bacteria","Proteobacteria","Gammaproteobacteria","Pasteurellales","Pasteurellaceae","Haemophilus","[Haemophilus] ducreyi"
"726","Bacteria","Proteobacteria","Gammaproteobacteria","Pasteurellales","Pasteurellaceae","Haemophilus","Haemophilus haemolyticus"
"249188","Bacteria","Proteobacteria","Gammaproteobacteria","Pasteurellales","Pasteurellaceae","Haemophilus","Haemophilus pittmaniae"
"47735","Bacteria","Proteobacteria","Gammaproteobacteria","Pasteurellales","Pasteurellaceae","Bibersteinia","Bibersteinia trehalosi"
"714","Bacteria","Proteobacteria","Gammaproteobacteria","Pasteurellales","Pasteurellaceae","Aggregatibacter","Aggregatibacter actinomycetemcomitans"
"732","Bacteria","Proteobacteria","Gammaproteobacteria","Pasteurellales","Pasteurellaceae","Aggregatibacter","Aggregatibacter aphrophilus"
"739","Bacteria","Proteobacteria","Gammaproteobacteria","Pasteurellales","Pasteurellaceae","Aggregatibacter","Aggregatibacter segnis"
"762","Bacteria","Proteobacteria","Gammaproteobacteria","Pasteurellales","Pasteurellaceae","Avibacterium","Avibacterium volantium"
"728","Bacteria","Proteobacteria","Gammaproteobacteria","Pasteurellales","Pasteurellaceae","Avibacterium","Avibacterium paragallinarum"
"749","Bacteria","Proteobacteria","Gammaproteobacteria","Pasteurellales","Pasteurellaceae","NA","[Pasteurella] aerogenes"
"1679001","Bacteria","Proteobacteria","Gammaproteobacteria","Pasteurellales","Pasteurellaceae","NA","Pasteurellaceae bacterium NI1060"
"731","Bacteria","Proteobacteria","Gammaproteobacteria","Pasteurellales","Pasteurellaceae","Histophilus","Histophilus somni"
"750","Bacteria","Proteobacteria","Gammaproteobacteria","Pasteurellales","Pasteurellaceae","Gallibacterium","Gallibacterium anatis"
"157673","Bacteria","Proteobacteria","Gammaproteobacteria","Pasteurellales","Pasteurellaceae","Basfia","[Mannheimia] succiniciproducens"
"573","Bacteria","Proteobacteria","Gammaproteobacteria","Enterobacterales","Enterobacteriaceae","Klebsiella","Klebsiella pneumoniae"
"571","Bacteria","Proteobacteria","Gammaproteobacteria","Enterobacterales","Enterobacteriaceae","Klebsiella","Klebsiella oxytoca"
"480","Bacteria","Proteobacteria","Gammaproteobacteria","Pseudomonadales","Moraxellaceae","Moraxella","Moraxella catarrhalis"
"476","Bacteria","Proteobacteria","Gammaproteobacteria","Pseudomonadales","Moraxellaceae","Moraxella","Moraxella bovis"
"34061","Bacteria","Proteobacteria","Gammaproteobacteria","Pseudomonadales","Moraxellaceae","Moraxella","Moraxella cuniculi"
"386891","Bacteria","Proteobacteria","Gammaproteobacteria","Pseudomonadales","Moraxellaceae","Moraxella","Moraxella bovoculi"
"29433","Bacteria","Proteobacteria","Gammaproteobacteria","Pseudomonadales","Moraxellaceae","Moraxella","Moraxella ovis"
"2718","Bacteria","Proteobacteria","Gammaproteobacteria","Cardiobacteriales","Cardiobacteriaceae","Cardiobacterium","Cardiobacterium hominis"
"132132","Bacteria","Proteobacteria","Deltaproteobacteria","Desulfovibrionales","Desulfomicrobiaceae","Desulfomicrobium","Desulfomicrobium orale"
"1986146","Bacteria","Proteobacteria","Deltaproteobacteria","Desulfobacterales","Desulfobulbaceae","Desulfobulbus","Desulfobulbus oralis"
"204","Bacteria","Proteobacteria","Epsilonproteobacteria","Campylobacterales","Campylobacteraceae","Campylobacter","Campylobacter showae"
"199","Bacteria","Proteobacteria","Epsilonproteobacteria","Campylobacterales","Campylobacteraceae","Campylobacter","Campylobacter concisus"
"1965231","Bacteria","Proteobacteria","Epsilonproteobacteria","Campylobacterales","Campylobacteraceae","Campylobacter","Campylobacter pinnipediorum"
"200","Bacteria","Proteobacteria","Epsilonproteobacteria","Campylobacterales","Campylobacteraceae","Campylobacter","Campylobacter curvus"
"197","Bacteria","Proteobacteria","Epsilonproteobacteria","Campylobacterales","Campylobacteraceae","Campylobacter","Campylobacter jejuni"
"28189","Bacteria","Bacteroidetes","Flavobacteriia","Flavobacteriales","Flavobacteriaceae","Capnocytophaga","Capnocytophaga cynodegmi"
"28188","Bacteria","Bacteroidetes","Flavobacteriia","Flavobacteriales","Flavobacteriaceae","Capnocytophaga","Capnocytophaga canimorsus"
"1848904","Bacteria","Bacteroidetes","Flavobacteriia","Flavobacteriales","Flavobacteriaceae","Capnocytophaga","Capnocytophaga stomatis"
"1945657","Bacteria","Bacteroidetes","Flavobacteriia","Flavobacteriales","Flavobacteriaceae","Capnocytophaga","Capnocytophaga sp. H2931"
"1945658","Bacteria","Bacteroidetes","Flavobacteriia","Flavobacteriales","Flavobacteriaceae","Capnocytophaga","Capnocytophaga sp. H4358"
"1019","Bacteria","Bacteroidetes","Flavobacteriia","Flavobacteriales","Flavobacteriaceae","Capnocytophaga","Capnocytophaga sputigena"
"327575","Bacteria","Bacteroidetes","Flavobacteriia","Flavobacteriales","Flavobacteriaceae","Capnocytophaga","Capnocytophaga leadbetteri"
"45243","Bacteria","Bacteroidetes","Flavobacteriia","Flavobacteriales","Flavobacteriaceae","Capnocytophaga","Capnocytophaga haemolytica"
"1316596","Bacteria","Bacteroidetes","Flavobacteriia","Flavobacteriales","Flavobacteriaceae","Capnocytophaga","Capnocytophaga sp. oral taxon 878"
"1017","Bacteria","Bacteroidetes","Flavobacteriia","Flavobacteriales","Flavobacteriaceae","Capnocytophaga","Capnocytophaga gingivalis"
"209053","Bacteria","Bacteroidetes","Flavobacteriia","Flavobacteriales","Flavobacteriaceae","Capnocytophaga","Capnocytophaga sp. ChDC OS43"
"1018","Bacteria","Bacteroidetes","Flavobacteriia","Flavobacteriales","Flavobacteriaceae","Capnocytophaga","Capnocytophaga ochracea"
"28251","Bacteria","Bacteroidetes","Flavobacteriia","Flavobacteriales","Flavobacteriaceae","Ornithobacterium","Ornithobacterium rhinotracheale"
"28112","Bacteria","Bacteroidetes","Bacteroidia","Bacteroidales","Tannerellaceae","Tannerella","Tannerella forsythia"
"712710","Bacteria","Bacteroidetes","Bacteroidia","Bacteroidales","Tannerellaceae","Tannerella","Tannerella sp. oral taxon HOT-286"
"837","Bacteria","Bacteroidetes","Bacteroidia","Bacteroidales","Porphyromonadaceae","Porphyromonas","Porphyromonas gingivalis"
"36874","Bacteria","Bacteroidetes","Bacteroidia","Bacteroidales","Porphyromonadaceae","Porphyromonas","Porphyromonas cangingivalis"
"393921","Bacteria","Bacteroidetes","Bacteroidia","Bacteroidales","Porphyromonadaceae","Porphyromonas","Porphyromonas crevioricanis"
"28131","Bacteria","Bacteroidetes","Bacteroidia","Bacteroidales","Prevotellaceae","Prevotella","Prevotella intermedia"
"52227","Bacteria","Bacteroidetes","Bacteroidia","Bacteroidales","Prevotellaceae","Prevotella","Prevotella dentalis"
"28135","Bacteria","Bacteroidetes","Bacteroidia","Bacteroidales","Prevotellaceae","Prevotella","Prevotella oris"
"76123","Bacteria","Bacteroidetes","Bacteroidia","Bacteroidales","Prevotellaceae","Prevotella","Prevotella enoeca"
"28132","Bacteria","Bacteroidetes","Bacteroidia","Bacteroidales","Prevotellaceae","Prevotella","Prevotella melaninogenica"
"28129","Bacteria","Bacteroidetes","Bacteroidia","Bacteroidales","Prevotellaceae","Prevotella","Prevotella denticola"
"28118","Bacteria","Bacteroidetes","Bacteroidia","Bacteroidales","Odoribacteraceae","Odoribacter","Odoribacter splanchnicus"
"52774","Bacteria","Actinobacteria","Actinobacteria","Actinomycetales","Actinomycetaceae","Actinomyces","Actinomyces slackii"
"1656","Bacteria","Actinobacteria","Actinobacteria","Actinomycetales","Actinomycetaceae","Actinomyces","Actinomyces viscosus"
"544580","Bacteria","Actinobacteria","Actinobacteria","Actinomycetales","Actinomycetaceae","Actinomyces","Actinomyces oris"
"712122","Bacteria","Actinobacteria","Actinobacteria","Actinomycetales","Actinomycetaceae","Actinomyces","Actinomyces sp. oral taxon 414"
"52771","Bacteria","Actinobacteria","Actinobacteria","Actinomycetales","Actinomycetaceae","Actinomyces","Actinomyces howellii"
"2081702","Bacteria","Actinobacteria","Actinobacteria","Actinomycetales","Actinomycetaceae","Actinomyces","Actinomyces sp. oral taxon 897"
"111015","Bacteria","Actinobacteria","Actinobacteria","Actinomycetales","Actinomycetaceae","Actinomyces","Actinomyces radicidentis"
"1851395","Bacteria","Actinobacteria","Actinobacteria","Actinomycetales","Actinomycetaceae","Actinomyces","Actinomyces sp. Chiba101"
"2057743","Bacteria","Actinobacteria","Actinobacteria","Actinomycetales","Actinomycetaceae","Actinomyces","Actinomyces sp. 299"
"2321394","Bacteria","Actinobacteria","Actinobacteria","Actinomycetales","Actinomycetaceae","Actinomyces","Actinomyces sp. 2129"
"1852377","Bacteria","Actinobacteria","Actinobacteria","Actinomycetales","Actinomycetaceae","Actinomyces","Actinomyces pacaensis"
"2560010","Bacteria","Actinobacteria","Actinobacteria","Actinomycetales","Actinomycetaceae","Actinomyces","Actinomyces sp. dk561"
"2079536","Bacteria","Actinobacteria","Actinobacteria","Actinomycetales","Actinomycetaceae","Actinomyces","Actinomyces sp. Z16"
"1960083","Bacteria","Actinobacteria","Actinobacteria","Actinomycetales","Actinomycetaceae","Actinomyces","Actinomyces gaoshouyii"
"2057800","Bacteria","Actinobacteria","Actinobacteria","Actinomycetales","Actinomycetaceae","Actinomyces","Actinomyces qiguomingii"
"1659","Bacteria","Actinobacteria","Actinobacteria","Actinomycetales","Actinomycetaceae","Actinomyces","Actinomyces israelii"
"178339","Bacteria","Actinobacteria","Actinobacteria","Actinomycetales","Actinomycetaceae","Actinomyces","Actinomyces hongkongensis"
"52773","Bacteria","Actinobacteria","Actinobacteria","Actinomycetales","Actinomycetaceae","Schaalia","Schaalia meyeri"
"43675","Bacteria","Actinobacteria","Actinobacteria","Micrococcales","Micrococcaceae","Rothia","Rothia mucilaginosa"
"1658671","Bacteria","Actinobacteria","Actinobacteria","Micrococcales","Intrasporangiaceae","Arsenicicoccus","Arsenicicoccus sp. oral taxon 190"
"43768","Bacteria","Actinobacteria","Actinobacteria","Corynebacteriales","Corynebacteriaceae","Corynebacterium","Corynebacterium matruchotii"
"65058","Bacteria","Actinobacteria","Actinobacteria","Corynebacteriales","Corynebacteriaceae","Corynebacterium","Corynebacterium ulcerans"
"1862358","Bacteria","Actinobacteria","Actinobacteria","Corynebacteriales","Corynebacteriaceae","Corynebacterium","Corynebacterium choanis"
"42817","Bacteria","Actinobacteria","Actinobacteria","Corynebacteriales","Corynebacteriaceae","Corynebacterium","Corynebacterium argentoratense"
"1471400","Bacteria","Actinobacteria","Actinobacteria","Corynebacteriales","Corynebacteriaceae","Corynebacterium","Corynebacterium pelargi"
"108486","Bacteria","Actinobacteria","Actinobacteria","Corynebacteriales","Corynebacteriaceae","Corynebacterium","Corynebacterium falsenii"
"2080757","Bacteria","Actinobacteria","Actinobacteria","Corynebacteriales","Corynebacteriaceae","Corynebacterium","Corynebacterium pseudopelargi"
"43990","Bacteria","Actinobacteria","Actinobacteria","Corynebacteriales","Corynebacteriaceae","Corynebacterium","Corynebacterium segmentosum"
"156978","Bacteria","Actinobacteria","Actinobacteria","Corynebacteriales","Corynebacteriaceae","Corynebacterium","Corynebacterium imitans"
"1725","Bacteria","Actinobacteria","Actinobacteria","Corynebacteriales","Corynebacteriaceae","Corynebacterium","Corynebacterium xerosis"
"2079234","Bacteria","Actinobacteria","Actinobacteria","Corynebacteriales","Corynebacteriaceae","Corynebacterium","Corynebacterium geronticis"
"35755","Bacteria","Actinobacteria","Actinobacteria","Corynebacteriales","Corynebacteriaceae","Corynebacterium","Corynebacterium kutscheri"
"1737425","Bacteria","Actinobacteria","Actinobacteria","Corynebacteriales","Corynebacteriaceae","Corynebacterium","Corynebacterium provencense"
"556499","Bacteria","Actinobacteria","Actinobacteria","Propionibacteriales","Propionibacteriaceae","Propionibacterium","Propionibacterium acidifaciens"
"1683","Bacteria","Actinobacteria","Actinobacteria","Bifidobacteriales","Bifidobacteriaceae","Bifidobacterium","Bifidobacterium angulatum"
"28025","Bacteria","Actinobacteria","Actinobacteria","Bifidobacteriales","Bifidobacteriaceae","Bifidobacterium","Bifidobacterium animalis"
"1328","Bacteria","Firmicutes","Bacilli","Lactobacillales","Streptococcaceae","Streptococcus","Streptococcus anginosus"
"1338","Bacteria","Firmicutes","Bacilli","Lactobacillales","Streptococcaceae","Streptococcus","Streptococcus intermedius"
"76860","Bacteria","Firmicutes","Bacilli","Lactobacillales","Streptococcaceae","Streptococcus","Streptococcus constellatus"
"1307","Bacteria","Firmicutes","Bacilli","Lactobacillales","Streptococcaceae","Streptococcus","Streptococcus suis"
"1336","Bacteria","Firmicutes","Bacilli","Lactobacillales","Streptococcaceae","Streptococcus","Streptococcus equi"
"1334","Bacteria","Firmicutes","Bacilli","Lactobacillales","Streptococcaceae","Streptococcus","Streptococcus dysgalactiae"
"2021971","Bacteria","Firmicutes","Bacilli","Lactobacillales","Streptococcaceae","Streptococcus","Streptococcus respiraculi"
"1345","Bacteria","Firmicutes","Bacilli","Lactobacillales","Streptococcaceae","Streptococcus","Streptococcus ferus"
"400065","Bacteria","Firmicutes","Bacilli","Lactobacillales","Streptococcaceae","Streptococcus","Streptococcus merionis"
"1305","Bacteria","Firmicutes","Bacilli","Lactobacillales","Streptococcaceae","Streptococcus","Streptococcus sanguinis"
"1917441","Bacteria","Firmicutes","Bacilli","Lactobacillales","Streptococcaceae","Streptococcus","Streptococcus ruminantium"
"1309","Bacteria","Firmicutes","Bacilli","Lactobacillales","Streptococcaceae","Streptococcus","Streptococcus mutans"
"1825069","Bacteria","Firmicutes","Bacilli","Lactobacillales","Streptococcaceae","Streptococcus","Streptococcus marmotae"
"28037","Bacteria","Firmicutes","Bacilli","Lactobacillales","Streptococcaceae","Streptococcus","Streptococcus mitis"
"1308","Bacteria","Firmicutes","Bacilli","Lactobacillales","Streptococcaceae","Streptococcus","Streptococcus thermophilus"
"1313","Bacteria","Firmicutes","Bacilli","Lactobacillales","Streptococcaceae","Streptococcus","Streptococcus pneumoniae"
"1310","Bacteria","Firmicutes","Bacilli","Lactobacillales","Streptococcaceae","Streptococcus","Streptococcus sobrinus"
"1346","Bacteria","Firmicutes","Bacilli","Lactobacillales","Streptococcaceae","Streptococcus","Streptococcus iniae"
"45634","Bacteria","Firmicutes","Bacilli","Lactobacillales","Streptococcaceae","Streptococcus","Streptococcus cristatus"
"149016","Bacteria","Firmicutes","Bacilli","Lactobacillales","Streptococcaceae","Streptococcus","Streptococcus urinalis"
"1302","Bacteria","Firmicutes","Bacilli","Lactobacillales","Streptococcaceae","Streptococcus","Streptococcus gordonii"
"1348","Bacteria","Firmicutes","Bacilli","Lactobacillales","Streptococcaceae","Streptococcus","Streptococcus parauberis"
"1314","Bacteria","Firmicutes","Bacilli","Lactobacillales","Streptococcaceae","Streptococcus","Streptococcus pyogenes"
"1303","Bacteria","Firmicutes","Bacilli","Lactobacillales","Streptococcaceae","Streptococcus","Streptococcus oralis"
"82348","Bacteria","Firmicutes","Bacilli","Lactobacillales","Streptococcaceae","Streptococcus","Streptococcus pluranimalium"
"1349","Bacteria","Firmicutes","Bacilli","Lactobacillales","Streptococcaceae","Streptococcus","Streptococcus uberis"
"1304","Bacteria","Firmicutes","Bacilli","Lactobacillales","Streptococcaceae","Streptococcus","Streptococcus salivarius"
"1340","Bacteria","Firmicutes","Bacilli","Lactobacillales","Streptococcaceae","Streptococcus","Streptococcus porcinus"
"1329","Bacteria","Firmicutes","Bacilli","Lactobacillales","Streptococcaceae","Streptococcus","Streptococcus canis"
"1814128","Bacteria","Firmicutes","Bacilli","Lactobacillales","Streptococcaceae","Streptococcus","Streptococcus halotolerans"
"33040","Bacteria","Firmicutes","Bacilli","Lactobacillales","Streptococcaceae","Streptococcus","Streptococcus milleri"
"1888195","Bacteria","Firmicutes","Bacilli","Lactobacillales","Streptococcaceae","Streptococcus","Streptococcus himalayensis"
"1811193","Bacteria","Firmicutes","Bacilli","Lactobacillales","Streptococcaceae","Streptococcus","Streptococcus pantholopis"
"361101","Bacteria","Firmicutes","Bacilli","Lactobacillales","Streptococcaceae","Streptococcus","Streptococcus pseudoporcinus"
"1326","Bacteria","Firmicutes","Bacilli","Lactobacillales","Streptococcaceae","Streptococcus","Streptococcus acidominimus"
"1311","Bacteria","Firmicutes","Bacilli","Lactobacillales","Streptococcaceae","Streptococcus","Streptococcus agalactiae"
"1335","Bacteria","Firmicutes","Bacilli","Lactobacillales","Streptococcaceae","Streptococcus","Streptococcus equinus"
"1156433","Bacteria","Firmicutes","Bacilli","Lactobacillales","Streptococcaceae","Streptococcus","Streptococcus sp. I-P16"
"78535","Bacteria","Firmicutes","Bacilli","Lactobacillales","Streptococcaceae","Streptococcus","Streptococcus viridans"
"315405","Bacteria","Firmicutes","Bacilli","Lactobacillales","Streptococcaceae","Streptococcus","Streptococcus gallolyticus"
"1316408","Bacteria","Firmicutes","Bacilli","Lactobacillales","Streptococcaceae","Streptococcus","Streptococcus sp. HSISM1"
"2173853","Bacteria","Firmicutes","Bacilli","Lactobacillales","Streptococcaceae","Streptococcus","Streptococcus sp. Z15"
"1318","Bacteria","Firmicutes","Bacilli","Lactobacillales","Streptococcaceae","Streptococcus","Streptococcus parasanguinis"
"712633","Bacteria","Firmicutes","Bacilli","Lactobacillales","Streptococcaceae","Streptococcus","Streptococcus sp. oral taxon 431"
"1759399","Bacteria","Firmicutes","Bacilli","Lactobacillales","Streptococcaceae","Streptococcus","Streptococcus sp. A12"
"1433513","Bacteria","Firmicutes","Bacilli","Lactobacillales","Streptococcaceae","Streptococcus","Streptococcus gwangjuense"
"197614","Bacteria","Firmicutes","Bacilli","Lactobacillales","Streptococcaceae","Streptococcus","Streptococcus pasteurianus"
"1316409","Bacteria","Firmicutes","Bacilli","Lactobacillales","Streptococcaceae","Streptococcus","Streptococcus sp. HSISB1"
"102684","Bacteria","Firmicutes","Bacilli","Lactobacillales","Streptococcaceae","Streptococcus","Streptococcus infantarius"
"257758","Bacteria","Firmicutes","Bacilli","Lactobacillales","Streptococcaceae","Streptococcus","Streptococcus pseudopneumoniae"
"1111760","Bacteria","Firmicutes","Bacilli","Lactobacillales","Streptococcaceae","Streptococcus","Streptococcus troglodytae"
"1902136","Bacteria","Firmicutes","Bacilli","Lactobacillales","Streptococcaceae","Streptococcus","Streptococcus sp. NPS 308"
"113107","Bacteria","Firmicutes","Bacilli","Lactobacillales","Streptococcaceae","Streptococcus","Streptococcus australis"
"712624","Bacteria","Firmicutes","Bacilli","Lactobacillales","Streptococcaceae","Streptococcus","Streptococcus sp. oral taxon 064"
"1319","Bacteria","Firmicutes","Bacilli","Lactobacillales","Streptococcaceae","Streptococcus","Streptococcus sp. 'group B'"
"2490633","Bacteria","Firmicutes","Bacilli","Lactobacillales","Streptococcaceae","Streptococcus","Streptococcus periodonticum"
"28038","Bacteria","Firmicutes","Bacilli","Lactobacillales","Lactobacillaceae","Lactobacillus","Lactobacillus curvatus"
"1584","Bacteria","Firmicutes","Bacilli","Lactobacillales","Lactobacillaceae","Lactobacillus","Lactobacillus delbrueckii"
"1624","Bacteria","Firmicutes","Bacilli","Lactobacillales","Lactobacillaceae","Lactobacillus","Lactobacillus salivarius"
"1590","Bacteria","Firmicutes","Bacilli","Lactobacillales","Lactobacillaceae","Lactobacillus","Lactobacillus plantarum"
"1599","Bacteria","Firmicutes","Bacilli","Lactobacillales","Lactobacillaceae","Lactobacillus","Lactobacillus sakei"
"29388","Bacteria","Firmicutes","Bacilli","Bacillales","Staphylococcaceae","Staphylococcus","Staphylococcus capitis"
"1282","Bacteria","Firmicutes","Bacilli","Bacillales","Staphylococcaceae","Staphylococcus","Staphylococcus epidermidis"
"1283","Bacteria","Firmicutes","Bacilli","Bacillales","Staphylococcaceae","Staphylococcus","Staphylococcus haemolyticus"
"29385","Bacteria","Firmicutes","Bacilli","Bacillales","Staphylococcaceae","Staphylococcus","Staphylococcus saprophyticus"
"1295","Bacteria","Firmicutes","Bacilli","Bacillales","Staphylococcaceae","Staphylococcus","Staphylococcus schleiferi"
"1290","Bacteria","Firmicutes","Bacilli","Bacillales","Staphylococcaceae","Staphylococcus","Staphylococcus hominis"
"1288","Bacteria","Firmicutes","Bacilli","Bacillales","Staphylococcaceae","Staphylococcus","Staphylococcus xylosus"
"1296","Bacteria","Firmicutes","Bacilli","Bacillales","Staphylococcaceae","Staphylococcus","Staphylococcus sciuri"
"28035","Bacteria","Firmicutes","Bacilli","Bacillales","Staphylococcaceae","Staphylococcus","Staphylococcus lugdunensis"
"1286","Bacteria","Firmicutes","Bacilli","Bacillales","Staphylococcaceae","Staphylococcus","Staphylococcus simulans"
"283734","Bacteria","Firmicutes","Bacilli","Bacillales","Staphylococcaceae","Staphylococcus","Staphylococcus pseudintermedius"
"69966","Bacteria","Firmicutes","Bacilli","Bacillales","Staphylococcaceae","Macrococcus","Macrococcus caseolyticus"
"1855823","Bacteria","Firmicutes","Bacilli","Bacillales","Staphylococcaceae","Macrococcus","Macrococcus canis"
"1898474","Bacteria","Firmicutes","Bacilli","Bacillales","Staphylococcaceae","Macrococcus","Macrococcus sp. IME1552"
"1785995","Bacteria","Firmicutes","Bacilli","Bacillales","NA","Gemella","Gemella sp. oral taxon 928"
"2040624","Bacteria","Firmicutes","Bacilli","Bacillales","NA","Gemella","Gemella sp. ND 6198"
"712991","Bacteria","Firmicutes","Clostridia","Clostridiales","Lachnospiraceae","NA","Lachnospiraceae bacterium oral taxon 500"
"617123","Bacteria","Firmicutes","Clostridia","Clostridiales","Lachnospiraceae","Lachnoanaerobaculum","Lachnoanaerobaculum umeaense"
"143361","Bacteria","Firmicutes","Clostridia","Clostridiales","Peptostreptococcaceae","Filifactor","Filifactor alocis"
"86332","Bacteria","Firmicutes","Clostridia","Clostridiales","Clostridiales Family XIII. Incertae Sedis","Mogibacterium","Mogibacterium pumilum"
"143393","Bacteria","Firmicutes","Clostridia","Clostridiales","Clostridiales Family XIII. Incertae Sedis","NA","[Eubacterium] sulci"
"1736","Bacteria","Firmicutes","Clostridia","Clostridiales","Eubacteriaceae","Eubacterium","Eubacterium limosum"
"53442","Bacteria","Firmicutes","Clostridia","Clostridiales","Eubacteriaceae","Eubacterium","Eubacterium callanderi"
"39950","Bacteria","Firmicutes","Negativicutes","Veillonellales","Veillonellaceae","Dialister","Dialister pneumosintes"
"248315","Bacteria","Firmicutes","Negativicutes","Veillonellales","Veillonellaceae","Veillonella","Veillonella rodentium"
"29466","Bacteria","Firmicutes","Negativicutes","Veillonellales","Veillonellaceae","Veillonella","Veillonella parvula"
"712528","Bacteria","Firmicutes","Negativicutes","Selenomonadales","Selenomonadaceae","Selenomonas","Selenomonas sp. oral taxon 126"
"33033","Bacteria","Firmicutes","Tissierellia","Tissierellales","Peptoniphilaceae","Parvimonas","Parvimonas micra"
"1260","Bacteria","Firmicutes","Tissierellia","Tissierellales","Peptoniphilaceae","Finegoldia","Finegoldia magna"
"1889813","Bacteria","Chloroflexi","Anaerolineae","Anaerolineales","Anaerolineaceae","NA","Anaerolineaceae bacterium oral taxon 439"
"712357","Bacteria","Fusobacteria","Fusobacteriia","Fusobacteriales","Leptotrichiaceae","Leptotrichia","Leptotrichia sp. oral taxon 212"
"40542","Bacteria","Fusobacteria","Fusobacteriia","Fusobacteriales","Leptotrichiaceae","Leptotrichia","Leptotrichia buccalis"
"1785996","Bacteria","Fusobacteria","Fusobacteriia","Fusobacteriales","Leptotrichiaceae","Leptotrichia","Leptotrichia sp. oral taxon 847"
"34105","Bacteria","Fusobacteria","Fusobacteriia","Fusobacteriales","Leptotrichiaceae","Streptobacillus","Streptobacillus moniliformis"
"851","Bacteria","Fusobacteria","Fusobacteriia","Fusobacteriales","Fusobacteriaceae","Fusobacterium","Fusobacterium nucleatum"
"859","Bacteria","Fusobacteria","Fusobacteriia","Fusobacteriales","Fusobacteriaceae","Fusobacterium","Fusobacterium necrophorum"
"860","Bacteria","Fusobacteria","Fusobacteriia","Fusobacteriales","Fusobacteriaceae","Fusobacterium","Fusobacterium periodonticum"
"849","Bacteria","Fusobacteria","Fusobacteriia","Fusobacteriales","Fusobacteriaceae","Fusobacterium","Fusobacterium gonidiaformans"
"861","Bacteria","Fusobacteria","Fusobacteriia","Fusobacteriales","Fusobacteriaceae","Fusobacterium","Fusobacterium ulcerans"
"1583098","Bacteria","Fusobacteria","Fusobacteriia","Fusobacteriales","Fusobacteriaceae","Fusobacterium","Fusobacterium hwasookii"
"850","Bacteria","Fusobacteria","Fusobacteriia","Fusobacteriales","Fusobacteriaceae","Fusobacterium","Fusobacterium mortiferum"
"856","Bacteria","Fusobacteria","Fusobacteriia","Fusobacteriales","Fusobacteriaceae","Fusobacterium","Fusobacterium varium"
"671211","Bacteria","Fusobacteria","Fusobacteriia","Fusobacteriales","Fusobacteriaceae","Fusobacterium","Fusobacterium sp. oral taxon 203"
"409322","Bacteria","Spirochaetes","Spirochaetia","Spirochaetales","Spirochaetaceae","Treponema","Treponema pedis"
"158","Bacteria","Spirochaetes","Spirochaetia","Spirochaetales","Spirochaetaceae","Treponema","Treponema denticola"
"221027","Bacteria","Spirochaetes","Spirochaetia","Spirochaetales","Spirochaetaceae","Treponema","Treponema putidum"
"1476577","Bacteria","Candidatus Saccharibacteria","NA","NA","NA","NA","Candidatus Saccharibacteria oral taxon TM7x"
"1332188","Bacteria","Candidatus Saccharibacteria","NA","NA","NA","Candidatus Saccharimonas","Candidatus Saccharimonas aalborgensis"
"1156431","Bacteria","Firmicutes","Bacilli","Lactobacillales","Streptococcaceae","Streptococcus","Streptococcus sp. I-G2"
"1316412","Bacteria","Firmicutes","Bacilli","Lactobacillales","Streptococcaceae","Streptococcus","Streptococcus sp. HSISS3"
"2420309","Bacteria","Firmicutes","Bacilli","Lactobacillales","Streptococcaceae","Streptococcus","Streptococcus sp. FDAARGOS_521"
"59310","Bacteria","Firmicutes","Bacilli","Lactobacillales","Streptococcaceae","Streptococcus","Streptococcus macedonicus"
"150055","Bacteria","Firmicutes","Bacilli","Lactobacillales","Streptococcaceae","Streptococcus","Streptococcus lutetiensis"
"2420308","Bacteria","Firmicutes","Bacilli","Lactobacillales","Streptococcaceae","Streptococcus","Streptococcus sp. FDAARGOS_520"
"45972","Bacteria","Firmicutes","Bacilli","Bacillales","Staphylococcaceae","Staphylococcus","Staphylococcus pasteuri"
"2420310","Bacteria","Firmicutes","Bacilli","Lactobacillales","Streptococcaceae","Streptococcus","Streptococcus sp. FDAARGOS_522"
